曲：うみねこコラボordinary-noon,BGM_QUEST2_COLLAB2
曲：うみねこコラボ夏の扉,BGM_HOME_COLLAB2
曲：うみねこコラボl&d-circulation,BGM_QUEST4_COLLAB2
曲：うみねこコラボcage,BGM_GACHA_COLLAB2
曲：うみねこコラボ笑み亡きソワレ,BGM_QUEST1_COLLAB2
曲：うみねこコラボオルガン小曲_第6億番_ハ短調,BGM_QUEST11_COLLAB2
曲：うみねこコラボ7-weights,BGM_QUEST3_COLLAB2
曲：うみねこコラボ名探偵は知っている,BGM_QUEST5_COLLAB2
曲：うみねこコラボくるり,BGM_QUEST6_COLLAB2
曲：うみねこコラボ胡散の香り,BGM_EVENT_TOP_COLLAB2
曲：うみねこコラボhope,BGM_QUEST8_COLLAB2
曲：うみねこコラボ絵画の魔女,BGM_QUEST7_COLLAB2
曲：うみねこコラボDreamenddischarger,BGM_BOSS1_COLLAB2
曲：うみねこコラボWorldenddominator,BGM_BATTLE1_COLLAB2
曲：うみねこコラボdir,BGM_TITLE_COLLAB2
曲：うみねこコラボdai_008,TODO Beatrice SSR Part 3
曲：クエスト選択,TODO Nao SSR Part 2
曲：危険,TODO Nao SSR Part 2
曲：疑惑,TODO Nao SSR Part 2
曲：楽しい,TODO Nao SSR Part 1
